{"cameraMode":{"drawMode":0,"name":"Shaded","section":"Shading Mode"},"sceneLighting":false,"audioPlay":false,"sceneViewState":{"showFog":true,"showMaterialUpdate":false,"showSkybox":false,"showFlares":true,"showImageEffects":true,"showParticleSystems":true},"in2DMode":false,"pivot":{"x":2.140000104904175,"y":2.5399999618530275,"z":6.820000171661377},"rotation":{"x":0.19936418533325196,"y":-0.1292363405227661,"z":0.02653953991830349,"w":0.971026599407196},"size":3.5465521812438967,"orthographic":false}