{"cameraMode":{"drawMode":0,"name":"Shaded","section":"Shading Mode"},"sceneLighting":true,"audioPlay":false,"sceneViewState":{"showFog":true,"showMaterialUpdate":false,"showSkybox":false,"showFlares":true,"showImageEffects":true,"showParticleSystems":true},"in2DMode":false,"pivot":{"x":12.303179740905762,"y":1.5155730247497559,"z":12.350749969482422},"rotation":{"x":-0.2699013352394104,"y":-0.3797723054885864,"z":0.11681300401687622,"w":-0.8771202564239502},"size":13.156100273132325,"orthographic":false}