{"cameraMode":{"drawMode":0,"name":"Shaded","section":"Shading Mode"},"sceneLighting":true,"audioPlay":false,"sceneViewState":{"showFog":true,"showMaterialUpdate":false,"showSkybox":false,"showFlares":true,"showImageEffects":true,"showParticleSystems":true},"in2DMode":false,"pivot":{"x":-2.4951212406158449,"y":8.075027465820313,"z":28.449867248535158},"rotation":{"x":0.028966832906007768,"y":0.9693276286125183,"z":-0.14055135846138,"w":0.19963186979293824},"size":1.7503681182861329,"orthographic":false}