{"cameraMode":{"drawMode":0,"name":"Shaded","section":"Shading Mode"},"sceneLighting":true,"audioPlay":false,"sceneViewState":{"showFog":true,"showMaterialUpdate":false,"showSkybox":false,"showFlares":true,"showImageEffects":true,"showParticleSystems":true},"in2DMode":false,"pivot":{"x":10.806621551513672,"y":9.095010757446289,"z":6.8297343254089359},"rotation":{"x":0.1258966326713562,"y":-0.42030099034309389,"z":0.059034790843725207,"w":0.8966931104660034},"size":16.820240020751954,"orthographic":false}